"","X","Rater_ID","X999me","position","R1","R2","R3","R4","R5","R6","R7","R8","R9","R10","R11","R12","R13","R14","R15","R16","R17","R2rev","R6rev","R10rev","R12rev","R17rev","dominanceMean","prestigeMean","Psum","Pprop","Dsum","Dprop"
"1",1,6,"David Attenborough","Broadcaster",7,1,2,6,1,1,1,7,2,6,1,2,7,7,2,1,1,7,7,2,6,7,2,6.33333333333333,57,0.888888888888889,16,0.166666666666667
"2",2,7,"David Attenborough","Broadcaster",7,1,1,7,1,1,1,7,1,4,1,1,7,7,1,1,1,7,7,4,7,7,2.125,6.33333333333333,57,0.888888888888889,17,0.1875
"3",3,8,"Jane Goodall","Primatologist",7,1,2,6,2,1,1,7,2,7,2,6,7,6,5,1,1,7,7,1,2,7,1.625,6.55555555555556,59,0.925925925925926,13,0.104166666666667
"4",4,9,"Theresa May","Prime Minister",4,5,7,5,7,4,5,3,4,5,4,1,3,4,2,2,6,3,4,3,7,2,4.875,3.33333333333333,30,0.388888888888889,39,0.645833333333333
"5",5,10,"Theresa May","Prime Minister",3,6,6,4,6,6,6,3,5,3,4,2,3,4,1,4,6,2,2,5,6,2,5.25,2.66666666666667,24,0.277777777777778,42,0.708333333333333
"6",6,11,"Caroline Lucas","Leader Green Party",5,2,1,4,4,4,2,3,2,2,3,3,4,4,2,1,2,6,4,6,5,6,3,4.22222222222222,38,0.537037037037037,24,0.333333333333333
"7",7,12,"Rick Stein","Celeb Chef",4,3,1,7,1,5,1,4,1,3,2,2,7,6,3,1,2,5,3,5,6,6,2.25,5,45,0.666666666666667,18,0.208333333333333
"8",8,13,"Jeremy Corbyn","Leader of opposition",6,2,4,4,6,2,6,6,6,1,4,2,6,6,6,2,2,6,6,7,6,6,5.125,5.77777777777778,52,0.796296296296296,41,0.6875
"9",9,14,"John Pollard","Councillor",4,4,4,5,3,4,2,4,1,2,1,2,4,5,6,1,1,4,4,6,6,7,3,4.77777777777778,43,0.62962962962963,24,0.333333333333333
"10",10,15,"Patrick Gale","Author",7,4,3,6,1,3,1,6,2,2,1,4,6,7,5,1,3,4,5,6,4,5,2.375,5.66666666666667,51,0.777777777777778,19,0.229166666666667
"11",11,16,"Queen Elizabeth","Queen",7,2,5,6,5,1,1,7,5,1,7,1,7,7,5,3,1,6,7,7,7,7,5,6.55555555555556,59,0.925925925925926,40,0.666666666666667
"12",12,17,"Mary Berry","Cook",5,1,1,5,1,1,1,6,1,2,3,3,7,7,2,1,1,7,7,6,5,7,2.375,5.88888888888889,53,0.814814814814815,19,0.229166666666667
"13",13,18,"Winston Churchill","Wartime PM",6,3,5,7,5,2,6,7,7,1,5,2,7,7,5,2,2,5,6,7,6,6,5.375,6.22222222222222,56,0.87037037037037,43,0.729166666666667
"14",14,19,"Mary Holborough","High Sherrif",7,1,4,7,1,1,1,7,1,7,1,6,7,6,6,1,1,7,7,1,2,7,1.5,6.77777777777778,61,0.962962962962963,12,0.0833333333333333
"15",15,20,"Grenville Chapple","Mayor",4,5,6,5,7,6,5,4,6,5,6,2,4,6,6,5,3,3,2,3,6,5,5.5,4.33333333333333,39,0.555555555555556,44,0.75
"16",16,21,"Frank Whittal","Inventor",1,6,3,6,4,6,2,7,4,5,4,4,7,7,5,4,3,2,2,3,4,5,3.5,4.66666666666667,42,0.611111111111111,28,0.416666666666667
"17",17,22,"Colin Cheesman","Neighbour",6,1,5,6,3,1,1,7,3,3,2,2,7,7,7,1,2,7,7,5,6,6,3.25,6.66666666666667,60,0.944444444444444,26,0.375
"18",18,23,"Winston Churchill","Prime Minister",6,4,7,6,4,2,4,6,5,1,4,2,7,6,4,2,2,4,6,7,6,6,4.875,5.66666666666667,51,0.777777777777778,39,0.645833333333333
"19",20,25,"Margaret Thatcher","Prime Minister",5,3,6,6,6,3,6,5,6,1,5,1,6,7,6,4,6,5,5,7,7,2,5.875,5.22222222222222,47,0.703703703703704,47,0.8125
"20",21,26,"Shanne Sands","Poet",7,3,1,1,1,1,1,7,1,2,1,1,7,7,5,1,5,5,7,6,7,3,2.375,5.44444444444444,49,0.740740740740741,19,0.229166666666667
"21",22,27,"Jeremy Corbyn","Politician",4,6,2,3,3,4,2,6,2,4,1,3,5,3,1,1,2,2,4,4,5,6,2.5,3.77777777777778,34,0.462962962962963,20,0.25
"22",23,28,"Cornelius Oliver","Councillor",6,2,1,5,2,2,2,6,2,6,3,4,5,6,6,1,1,6,6,2,4,7,2.125,5.88888888888889,53,0.814814814814815,17,0.1875
"23",25,30,"Friedensreich Hundertwasser","Artist",1,1,1,1,1,1,1,1,1,1,1,1,1,1,1,1,1,7,7,7,7,7,2.5,3,27,0.333333333333333,20,0.25
"24",27,32,"Vicky M","Green politician",6,4,3,5,2,1,1,6,6,1,5,5,7,7,6,1,4,4,7,7,3,4,3.5,5.77777777777778,52,0.796296296296296,28,0.416666666666667
"25",28,33,"Sir Humphry Davy","Statue",5,1,1,7,4,3,1,6,4,5,3,1,5,7,7,7,1,7,5,3,7,7,3.75,6.22222222222222,56,0.87037037037037,30,0.458333333333333
"26",29,34,"Phil Eaton","Traveller&Gypsy Liason Officer",6,6,4,7,1,5,1,5,5,4,4,4,4,4,7,4,5,2,3,4,4,3,3.375,4.55555555555556,41,0.592592592592593,27,0.395833333333333
"27",30,35,"Jeremy Corbyn","Labour Party Leader",5,2,2,4,3,2,1,5,2,5,4,4,6,5,4,1,1,6,6,3,4,7,2.5,5.33333333333333,48,0.722222222222222,20,0.25
"28",31,36,"Jeremy Corbyn","Leader Labour Party",6,2,2,6,5,2,3,5,7,1,5,2,5,6,5,1,6,6,6,7,6,2,4.5,5.22222222222222,47,0.703703703703704,36,0.583333333333333
"29",32,37,"Steve Cannon","Advocacy Support Worker",6,1,1,2,2,1,1,3,1,6,1,1,5,6,7,1,2,7,7,2,7,6,2,5.44444444444444,49,0.740740740740741,16,0.166666666666667
"30",33,38,"Michael Tyade","Musician",6,2,3,4,2,2,1,4,1,3,1,6,7,7,4,1,3,6,6,5,2,5,2,5.44444444444444,49,0.740740740740741,16,0.166666666666667
"31",34,39,"Sarah Newton","MP Falmouth",4,4,7,3,6,5,4,3,6,2,2,2,4,5,5,4,2,4,3,6,6,6,5.125,4.11111111111111,37,0.518518518518518,41,0.6875
"32",35,40,"Jeremy Corbyn","Labour Party Leader",6,2,6,7,4,1,5,7,4,5,3,2,6,7,5,1,2,6,7,3,6,6,4,6.33333333333333,57,0.888888888888889,32,0.5
"33",36,41,"Tony Blair","past PM",1,7,7,4,7,7,7,1,7,1,4,1,7,7,1,4,7,1,1,7,7,1,6.25,2.66666666666667,24,0.277777777777778,50,0.875
"34",37,42,"Prince William","Heir to the Throne",1,1,1,4,2,1,1,7,4,4,4,4,6,4,1,1,1,7,7,4,4,7,2.625,4.88888888888889,44,0.648148148148148,21,0.270833333333333
"36",39,44,"Theresa May","PM",4,5,7,6,6,5,6,3,7,6,7,2,3,3,1,6,6,3,3,2,6,2,5.875,3.11111111111111,28,0.351851851851852,47,0.8125
"37",40,45,"Andrew Neil","Broadcaster",2,5,5,6,7,4,7,5,7,1,5,1,5,6,2,5,3,3,4,7,7,5,6.25,4.22222222222222,38,0.537037037037037,50,0.875
"38",41,46,"Nicholas Smith","Leader of local group",7,1,4,5,1,1,1,7,2,1,1,1,7,6,5,1,1,7,7,7,7,7,3,6.44444444444444,58,0.907407407407407,24,0.333333333333333
"39",42,47,"Bob","",4,3,7,5,6,3,5,6,7,2,6,1,5,5,5,3,3,5,5,6,7,5,5.875,5,45,0.666666666666667,47,0.8125
"40",44,49,"Lesley","ma999geress of Hayle community centre",7,2,1,7,1,1,1,7,1,4,6,1,7,6,7,1,1,6,7,4,7,7,2.75,6.77777777777778,61,0.962962962962963,22,0.291666666666667
"41",45,50,"Boris Johnson","Foreign Secretary",1,7,7,1,7,7,7,1,7,1,1,1,1,6,1,1,7,1,1,7,7,1,5.5,1.55555555555556,14,0.0925925925925926,44,0.75
"42",46,51,"Lesley Chenels","Day care centre ma999ger",7,7,4,7,7,7,7,7,6,7,6,7,7,7,7,3,7,1,1,1,1,1,4.375,5,45,0.666666666666667,35,0.5625
"43",47,52,"Arthur Scargill","Union leader",4,3,6,5,7,4,7,5,6,1,3,2,6,6,4,5,4,5,4,7,6,4,5.875,4.77777777777778,43,0.62962962962963,47,0.8125
"44",48,53,"David Attenborough","Tv presenter ",7,4,1,7,1,7,1,7,1,1,1,2,7,7,1,1,4,4,1,7,6,4,2.375,5,45,0.666666666666667,19,0.229166666666667
"45",49,54,"B. Portman","X Mayor",5,3,4,5,6,6,6,5,3,3,2,5,5,6,6,2,1,5,2,5,3,7,3.875,5.11111111111111,46,0.685185185185185,31,0.479166666666667
"46",50,55,"Enoch Powell","Politician",5,5,2,4,1,5,1,5,1,6,1,6,1,2,1,3,1,3,3,2,2,7,1.625,3.44444444444444,31,0.407407407407407,13,0.104166666666667
"47",51,56,"Christopher Gray","Director of Music, Cathedral",7,4,7,7,7,2,5,7,7,1,7,1,7,7,5,4,5,4,6,7,7,3,6.375,5.88888888888889,53,0.814814814814815,51,0.895833333333333
"48",52,57,"Boris Johnson","Foreign Secretary",4,6,7,4,7,6,7,4,7,1,4,1,4,5,2,4,6,2,2,7,7,2,6.25,3.22222222222222,29,0.37037037037037,50,0.875
"49",54,59,"Boris Johnson","Foreign Secretary",2,7,6,4,7,1,7,2,7,1,4,1,3,6,1,7,7,1,7,7,7,1,6.5,3,27,0.333333333333333,52,0.916666666666667
"50",55,60,"Grayson Perry","Artist/potter",2,6,1,4,1,2,2,4,2,1,4,4,6,6,1,4,4,2,6,7,4,4,3.125,3.88888888888889,35,0.481481481481481,25,0.354166666666667
"51",56,61,"Theresa May","Prime Minister",5,5,6,3,5,5,6,4,6,4,3,2,3,5,2,4,5,3,3,4,6,3,5,3.44444444444444,31,0.407407407407407,40,0.666666666666667
"52",57,62,"Jamie Shiner","Business Leader",6,2,6,6,3,2,2,6,4,6,3,7,6,7,2,2,2,6,6,2,1,6,2.875,5.66666666666667,51,0.777777777777778,23,0.3125
"53",58,63,"David Attenborough","BBC Presenter",6,3,4,6,4,2,2,6,4,4,4,3,7,7,6,1,1,5,6,4,5,7,3.5,6.22222222222222,56,0.87037037037037,28,0.416666666666667
"54",59,64,"Boris Johnson","Foreign Sec",1,7,7,5,7,6,7,4,7,1,4,1,4,4,4,6,7,1,2,7,7,1,6.5,2.88888888888889,26,0.314814814814815,52,0.916666666666667
"55",60,65,"Jeremy Hunt","Health Cabinet",2,6,6,4,7,6,6,2,6,1,3,2,3,3,1,6,6,2,2,7,6,2,5.875,2.33333333333333,21,0.222222222222222,47,0.8125
"56",61,66,"Linda","Mayor",4,3,3,5,2,3,1,5,2,4,5,4,5,5,5,1,2,5,5,4,4,6,2.75,5,45,0.666666666666667,22,0.291666666666667
"57",65,70,"Theresa May","Prime minister",4,4,7,1,7,4,7,4,7,4,5,1,5,7,4,1,5,4,4,4,7,3,5.625,4,36,0.5,45,0.770833333333333
"58",66,71,"Boris Johnson","F. minister",6,6,6,5,7,6,6,5,7,7,5,4,6,6,6,7,2,2,2,1,4,6,5.375,4.88888888888889,44,0.648148148148148,43,0.729166666666667
"59",67,72,"Theresa May","Prime Minister",3,6,7,4,6,3,7,4,6,5,4,2,3,4,3,1,7,2,5,3,6,1,5,3.22222222222222,29,0.37037037037037,40,0.666666666666667
"60",68,73,"Prince Charles","Duke of Cornwall",4,6,7,7,7,4,7,5,7,1,7,1,7,7,4,4,4,2,4,7,7,4,6.625,4.88888888888889,44,0.648148148148148,53,0.9375
"61",69,74,"Ghandi","leader",5,3,6,6,5,4,1,7,6,1,4,2,6,5,5,2,2,5,4,7,6,6,4.625,5.44444444444444,49,0.740740740740741,37,0.604166666666667
"62",70,75,"Jo Feather","Taught sailing after the war, got MBE",7,5,7,6,6,5,1,7,5,7,5,6,7,7,7,2,2,3,3,1,2,6,3.625,5.88888888888889,53,0.814814814814815,29,0.4375
"63",71,76,"Rupaul Charles","Drag Queen",5,2,7,7,6,2,3,5,7,1,5,2,7,7,6,2,1,6,6,7,6,7,5.375,6.22222222222222,56,0.87037037037037,43,0.729166666666667
"64",72,77,"Traian Bruma","Head of alter999tive university in Romania",6,1,1,7,1,1,1,7,1,7,2,7,6,7,6,1,1,7,7,1,1,7,1.125,6.66666666666667,60,0.944444444444444,9,0.0208333333333333
"65",73,78,"Tarja Halo999","former president of Finland",5,3,4,5,2,1,1,6,3,5,3,2,6,7,6,1,1,5,7,3,6,7,2.875,6,54,0.833333333333333,23,0.3125
"66",74,79,"Penny HC Dinh","Youtuber",5,4,4,6,2,3,1,5,3,4,2,3,6,5,5,2,3,4,5,4,5,5,2.875,5.11111111111111,46,0.685185185185185,23,0.3125
"67",75,80,"Theresa May ","Prime Minister",2,5,5,5,5,4,1,3,5,6,2,2,2,3,2,1,5,3,4,2,6,3,3.375,3,27,0.333333333333333,27,0.395833333333333
"68",76,81,"Ben Bradshaw","MP",5,4,5,3,4,3,5,4,6,2,1,2,3,6,5,3,2,4,5,6,6,6,4.5,4.55555555555556,41,0.592592592592593,36,0.583333333333333
"69",77,82,"Beyonce","Singer",7,2,3,7,1,2,1,7,1,4,4,2,7,7,4,2,2,6,6,4,6,6,2.75,6.33333333333333,57,0.888888888888889,22,0.291666666666667
"70",78,83,"Winston Churchill","ex Prime minister",7,4,4,6,3,2,5,7,6,2,5,4,6,7,4,3,3,4,6,6,4,5,4.5,5.77777777777778,52,0.796296296296296,36,0.583333333333333
"71",79,84,"Cyndi Lauper","Singer/ human rights activist",6,2,4,4,2,2,1,6,5,2,3,2,7,7,6,4,3,6,6,6,6,5,3.875,5.88888888888889,53,0.814814814814815,31,0.479166666666667
"72",80,85,"Nicolae Ceausescu","President (Former)",4,2,7,6,7,3,6,4,6,2,7,1,2,2,4,7,5,6,5,6,7,3,6.625,4,36,0.5,53,0.9375
"73",81,86,"Jeremy Corbyn","Leader of the labour party",6,5,3,5,3,2,2,7,2,6,4,4,6,6,6,1,2,3,6,2,4,6,2.625,5.66666666666667,51,0.777777777777778,21,0.270833333333333
"74",82,87,"Theresa May","Prime Minister",1,1,4,1,7,1,6,1,4,1,4,1,6,4,1,1,4,7,7,7,7,4,5,3.55555555555556,32,0.425925925925926,40,0.666666666666667
"75",83,88,"Sarah Newton","M.P.",6,4,5,7,4,1,1,7,1,1,1,1,7,7,7,1,1,4,7,7,7,7,3.375,6.55555555555556,59,0.925925925925926,27,0.395833333333333
"76",84,89,"Theresa May"," Prime minister",4,4,7,7,4,4,6,7,7,1,4,1,5,7,7,4,4,4,4,7,7,4,5.75,5.44444444444444,49,0.740740740740741,46,0.791666666666667
"77",85,90,"Jeremy Corbyn","Labour Leader",4,3,3,2,4,3,6,4,3,4,1,2,5,6,4,3,4,5,5,4,6,4,3.75,4.33333333333333,39,0.555555555555556,30,0.458333333333333
"78",86,91,"Rodrigo Duterte","President of Phillipines",1,7,7,5,5,2,7,4,7,1,3,1,3,4,4,6,6,1,6,7,7,2,6.125,3.33333333333333,30,0.388888888888889,49,0.854166666666667
"79",87,92,"David Attenborough","tv presenter/environmentalist/wildlife activist",6,2,3,4,2,2,1,6,3,3,3,3,7,7,7,1,2,6,6,5,5,6,2.875,6.11111111111111,55,0.851851851851852,23,0.3125
"80",88,93,"JK Rowling","Author",6,1,2,2,1,4,1,6,1,7,1,3,7,6,4,1,2,7,4,1,5,6,1.625,5.33333333333333,48,0.722222222222222,13,0.104166666666667
"81",89,94,"Edward Davey","MP",6,2,4,5,3,2,2,6,2,4,1,4,6,6,6,3,2,6,6,4,4,6,2.875,5.88888888888889,53,0.814814814814815,23,0.3125
"82",90,95,"David Attenborough","Presenter",6,2,4,6,2,1,1,6,2,2,3,4,6,7,4,1,2,6,7,6,4,6,2.875,6,54,0.833333333333333,23,0.3125
"83",91,96,"Oscar Wilde","author/activist/dandy",5,6,7,6,7,4,6,6,6,2,3,2,6,5,3,3,2,2,4,6,6,6,5.5,4.77777777777778,43,0.62962962962963,44,0.75
"84",92,97,"Sarah Porter","Councilor",6,1,4,6,1,1,1,4,1,4,1,1,5,7,7,1,1,7,7,4,7,7,2.5,6.22222222222222,56,0.87037037037037,20,0.25
"85",93,98,"Aade le Pichon","Mother",4,2,2,3,2,1,1,5,2,3,1,5,5,6,6,2,1,6,7,5,3,7,2.25,5.44444444444444,49,0.740740740740741,18,0.208333333333333
"86",94,99,"Theresa May","Prime Minister",2,4,7,6,4,3,6,5,6,1,3,1,4,4,3,6,6,4,5,7,7,2,5.75,3.88888888888889,35,0.481481481481481,46,0.791666666666667
"87",95,100,"Mark Ashton","Activist",6,4,6,6,6,1,4,6,4,2,5,3,6,4,5,3,4,4,7,6,5,4,4.875,5.33333333333333,48,0.722222222222222,39,0.645833333333333
"88",96,101,"Theresa May","Prime Minister",3,4,6,6,5,4,3,6,6,2,5,1,2,7,6,5,5,4,4,6,7,3,5.375,4.55555555555556,41,0.592592592592593,43,0.729166666666667
"89",97,102,"Theresa May","Prime Minister",2,4,6,3,5,6,5,4,4,5,4,3,2,2,4,4,6,4,2,3,5,2,4.5,2.77777777777778,25,0.296296296296296,36,0.583333333333333
"90",98,103,"Shaun Passey","Head drama teacher sixth form",6,3,6,7,4,3,4,6,6,3,5,3,6,7,7,2,3,5,5,5,5,5,4.625,6,54,0.833333333333333,37,0.604166666666667
"91",99,104,"Theresa May","Prime Minister",3,3,6,4,2,2,1,3,2,3,1,2,5,5,4,3,2,5,6,5,6,6,3.25,4.55555555555556,41,0.592592592592593,26,0.375
"92",100,105,"Theresa May","Prime Minister",2,6,7,2,7,7,7,2,5,6,1,7,1,1,1,1,1,2,1,2,1,7,3.875,2.11111111111111,19,0.185185185185185,31,0.479166666666667
"93",101,106,"The Queen","Queen of England",5,4,3,5,1,2,1,6,2,7,5,1,2,4,4,1,2,4,6,1,7,6,2.625,4.66666666666667,42,0.611111111111111,21,0.270833333333333
"94",102,107,"Theresa May","Prime Minister",1,7,7,4,7,7,7,1,7,1,1,1,4,1,1,4,7,1,1,7,7,1,5.875,1.66666666666667,15,0.111111111111111,47,0.8125
"95",103,108,"Theresa May","Prime Minister",3,7,7,3,7,6,6,2,6,2,4,1,3,4,3,3,6,1,2,6,7,2,5.75,2.55555555555556,23,0.259259259259259,46,0.791666666666667
"96",104,109,"John Goodman","Newquay Facebook Community Admin",6,1,1,7,1,1,2,6,2,2,2,5,6,6,6,1,1,7,7,6,3,7,2.25,6.44444444444444,58,0.907407407407407,18,0.208333333333333
"97",105,110,"Do999ld Trump","Prime Minister",4,4,7,7,7,3,7,1,7,1,7,1,7,6,1,6,4,4,5,7,7,4,6.875,4.33333333333333,39,0.555555555555556,55,0.979166666666667
"98",106,111,"Queen","Head of State",6,3,5,6,2,2,6,7,7,2,2,4,7,7,7,7,1,5,6,6,4,7,4.875,6.44444444444444,58,0.907407407407407,39,0.645833333333333
"99",107,112,"Sam Mezec","States of Jersey Reform Party Member",2,6,4,3,2,5,1,4,2,6,2,4,3,5,6,2,2,2,3,2,4,6,2.375,3.77777777777778,34,0.462962962962963,19,0.229166666666667
"100",108,113,"theresa May","Prime minister",4,6,7,4,6,4,5,4,6,5,4,2,3,2,1,2,7,2,4,3,6,1,4.875,2.77777777777778,25,0.296296296296296,39,0.645833333333333
"101",109,114,"Theresa May","Prime Minister",3,6,5,2,7,5,4,5,6,2,4,2,5,5,4,2,5,2,3,6,6,3,5,3.55555555555556,32,0.425925925925926,40,0.666666666666667
"102",110,115,"Theresa May","Prime Minister",3,6,6,4,4,5,5,4,3,4,2,6,2,5,1,2,4,2,3,4,2,4,3.5,3.11111111111111,28,0.351851851851852,28,0.416666666666667
"103",111,116,"Peter L Mere","Peace Campaigner CND",7,3,2,4,1,2,1,7,1,2,7,7,7,7,7,1,1,5,6,6,1,7,2.5,6.33333333333333,57,0.888888888888889,20,0.25
"104",112,117,"George Orwell","Author",3,5,1,7,1,5,1,4,1,1,7,7,4,4,1,6,5,3,3,7,1,3,3.125,3.55555555555556,32,0.425925925925926,25,0.354166666666667
"105",113,118,"Brother Roger","Late Friar of Taize",7,1,1,6,1,1,1,7,1,4,1,7,5,7,6,1,1,7,7,4,1,7,1.375,6.55555555555556,59,0.925925925925926,11,0.0625
"106",114,119,"Bob Devereux","Poet, Playwrite",4,5,3,4,7,1,4,5,3,6,7,6,6,6,4,1,4,3,7,2,2,4,3.625,4.77777777777778,43,0.62962962962963,29,0.4375
"107",115,120,"Johnny Depp","Celebrity",5,2,1,7,2,2,4,7,4,3,1,2,6,6,1,5,1,6,6,5,6,7,3.5,5.66666666666667,51,0.777777777777778,28,0.416666666666667
"108",116,121,"Shinzo Abe","Prime minister of Japan",3,5,5,4,6,4,6,4,6,3,2,3,6,6,4,4,4,3,4,5,5,4,4.875,4.22222222222222,38,0.537037037037037,39,0.645833333333333
"109",117,122,"Beppe Grillo","Politician",6,6,7,6,7,5,6,6,7,1,2,1,6,5,5,2,4,2,3,7,7,4,5.625,4.77777777777778,43,0.62962962962963,45,0.770833333333333
"111",119,124,"David Attenborough","Presenter/ecologist",6,1,3,6,3,1,1,7,3,4,3,4,7,7,7,1,1,7,7,4,4,7,2.75,6.77777777777778,61,0.962962962962963,22,0.291666666666667
"112",120,125,"Eddie Calvo","Govenor of Guam",5,6,7,7,5,2,4,6,6,5,4,2,7,7,4,4,5,2,6,3,6,3,4.875,5.22222222222222,47,0.703703703703704,39,0.645833333333333
"113",121,126,"George Eustace","MP",5,6,7,6,2,2,3,5,5,3,5,2,7,7,7,2,2,2,6,5,6,6,4.375,5.66666666666667,51,0.777777777777778,35,0.5625
"114",122,127,"Jeremy Corbyn","labour Party Leader",5,5,1,2,1,4,1,2,1,5,1,4,3,3,1,4,6,3,4,3,4,2,2,2.77777777777778,25,0.296296296296296,16,0.166666666666667
"115",123,128,"Mrs x","Headteacher of primary school",4,1,1,6,5,1,1,4,1,4,1,1,5,5,3,2,2,7,7,4,7,6,2.75,5.22222222222222,47,0.703703703703704,22,0.291666666666667
"116",124,129,"Mrs Sanderson","Headmistress of local school",6,2,4,6,4,2,2,6,2,2,2,2,6,6,5,1,1,6,6,6,6,7,3.375,6,54,0.833333333333333,27,0.395833333333333
"117",125,130,"Anne Carlisle","VC of Falmouth Uni",3,4,6,3,6,6,6,2,6,1,3,2,5,5,4,3,6,4,2,7,6,2,5.375,3.33333333333333,30,0.388888888888889,43,0.729166666666667
"118",126,131,"Richard Stallman","free software advocate & software developer",6,2,1,5,4,2,1,6,4,5,2,1,6,7,6,1,2,6,6,3,7,6,2.875,6,54,0.833333333333333,23,0.3125
"119",127,132,"Eddie Home","Football Club Ma999ger",7,2,4,6,4,1,3,7,5,1,5,4,6,7,3,1,1,6,7,7,4,7,4.125,6.22222222222222,56,0.87037037037037,33,0.520833333333333
"120",128,133,"Dr Nigel Hewitt","Director of a Charity",6,6,2,4,1,2,1,7,1,4,2,6,7,7,5,1,2,2,6,4,2,6,1.75,5.55555555555556,50,0.759259259259259,14,0.125
"121",129,134,"Boris Johnson","Foreign Minister",1,7,7,5,7,6,7,2,7,1,2,1,4,3,2,6,6,1,2,7,7,2,6.25,2.44444444444444,22,0.240740740740741,50,0.875
"122",130,135,"Theresa May","Prime Minister",4,5,3,5,6,4,2,4,4,6,3,3,2,2,2,3,5,3,4,2,5,3,3.5,3.22222222222222,29,0.37037037037037,28,0.416666666666667
"123",131,136,"Dr Peter Rodgers","GP/chairman of tennis club",6,2,1,5,1,2,2,6,1,6,2,6,7,6,6,1,1,6,6,2,2,7,1.5,6.11111111111111,55,0.851851851851852,12,0.0833333333333333
"124",132,137,"Jeremy Corbyn","Labour Party Leader",7,2,4,6,5,2,5,6,6,7,6,5,7,6,7,2,4,6,6,1,3,4,4,6.11111111111111,55,0.851851851851852,32,0.5
"125",133,138,"Ben Towe","Head Teacher",5,3,5,4,2,2,1,5,6,5,2,2,4,5,5,1,2,5,6,3,6,6,3.25,5,45,0.666666666666667,26,0.375
"126",134,139,"Sheryll Murray","Local MP",1,7,7,4,7,7,6,3,7,1,1,1,1,2,4,1,4,1,1,7,7,4,5.375,2.33333333333333,21,0.222222222222222,43,0.729166666666667
"127",135,140,"Carl Sagan","SETI, attack on superstition, novel Contact",4,1,1,4,4,4,1,4,1,3,1,4,4,7,7,1,4,7,4,5,4,4,2.25,5,45,0.666666666666667,18,0.208333333333333
"128",136,141,"Jenny","Artist/musician",6,4,6,6,6,2,5,5,5,2,4,3,7,7,6,4,2,4,6,6,5,6,5.125,5.88888888888889,53,0.814814814814815,41,0.6875
"129",137,142,"Ozzy Osbourne","Rock Star Supreme",4,4,6,3,6,6,2,3,5,2,2,1,5,6,1,1,2,4,2,6,7,6,4.375,3.77777777777778,34,0.462962962962963,35,0.5625
"130",138,143,"Sarah Newton","Tory MP Truro & Falmouth",4,7,7,6,7,7,7,1,7,2,1,1,3,1,1,2,7,1,1,6,7,1,5.5,2.11111111111111,19,0.185185185185185,44,0.75
"131",139,144,"Paul","Inter999tio999l project director",5,3,2,4,2,2,2,6,2,3,2,2,7,7,6,1,2,5,6,5,6,6,2.75,5.77777777777778,52,0.796296296296296,22,0.291666666666667
"132",140,145,"Jeremy Corbyn","Leader of the opposition",4,4,3,4,2,4,1,4,4,6,3,4,4,4,5,4,3,4,4,2,4,5,2.875,4.22222222222222,38,0.537037037037037,23,0.3125
"133",141,146,"Jeremy Corbyn","Leader of the labour party",6,2,4,5,4,2,3,7,1,5,7,4,7,7,7,1,1,6,6,3,4,7,3.375,6.44444444444444,58,0.907407407407407,27,0.395833333333333
"134",142,147,"David Attenborough","999turalist",7,2,1,7,2,5,1,7,5,3,4,6,7,7,7,1,2,6,3,5,2,6,2.625,6.33333333333333,57,0.888888888888889,21,0.270833333333333
"135",143,148,"Jeremy Corbyn","Leader of opposition",7,7,5,7,4,4,3,7,5,5,5,5,6,7,7,3,3,1,4,3,3,5,3.875,5.66666666666667,51,0.777777777777778,31,0.479166666666667
"136",144,149,"Michael Gove","M.P.",2,6,6,4,5,5,6,2,5,2,5,2,2,4,1,4,4,2,3,6,6,4,5.375,2.66666666666667,24,0.277777777777778,43,0.729166666666667
"137",145,150,"The Prime Minister","The Prime Minister",4,3,4,5,4,4,6,5,5,3,4,2,5,6,5,5,4,5,4,5,6,4,4.875,4.77777777777778,43,0.62962962962963,39,0.645833333333333
"138",146,151,"Mrs May","Prime Minister",1,3,7,4,7,4,5,2,6,5,4,1,3,2,1,1,4,5,4,3,7,4,5,2.88888888888889,26,0.314814814814815,40,0.666666666666667
"139",147,152,"The Queen","Mo999rch",7,1,4,6,1,1,1,1,1,4,1,4,7,7,4,1,1,7,7,4,4,7,2.125,5.88888888888889,53,0.814814814814815,17,0.1875
"140",148,153,"Robin Kneebone","President of Cornwall Chess Association",7,1,4,5,5,2,4,7,4,2,2,4,6,7,7,1,2,7,6,6,4,6,3.75,6.44444444444444,58,0.907407407407407,30,0.458333333333333
"141",149,154,"Richard Smith ","Chess club secretary + local accountant",6,3,3,6,2,2,4,6,2,3,3,5,7,7,6,2,2,5,6,5,3,6,3,6.11111111111111,55,0.851851851851852,24,0.333333333333333
"142",150,155,"Dennis Skinner","MP For Bolsever",4,4,4,4,3,4,4,4,2,1,4,4,6,6,1,1,4,4,4,7,4,4,3.625,4.11111111111111,37,0.518518518518518,29,0.4375
"143",151,156,"David Attenborough","Tv presenter ",7,2,4,7,2,1,2,7,3,4,4,5,6,7,6,1,2,6,7,4,3,6,2.875,6.55555555555556,59,0.925925925925926,23,0.3125
"144",152,157,"Captain Holt","Captain of Police (Brooklyn 99)",6,5,4,7,2,1,2,6,4,2,5,2,5,7,5,3,4,3,7,6,6,4,4,5.55555555555556,50,0.759259259259259,32,0.5
"145",153,158,"Deborah Francis-White","Leads the Guilty Feminist Podcast",5,2,3,2,1,2,1,4,2,3,1,1,5,4,5,1,4,6,6,5,7,4,2.625,4.55555555555556,41,0.592592592592593,21,0.270833333333333
"147",155,160,"Henry Bew","Head of English Department",7,2,2,6,1,1,1,6,2,7,2,3,7,6,7,1,1,6,7,1,5,7,1.875,6.55555555555556,59,0.925925925925926,15,0.145833333333333
